id,driverId,source,destination,totalDistance:number,totalFare:number,rideStatus,currentLocation,city,rideStartedAt,polygonPoints
62660ffb-abbd-4c36-b3d6-e0941587c291,e0d89a2b-f8da-441a-8182-bc4bb4f945e7,"72.9914673283913,33.64333419508494","73.08346009601216,33.65879628444844",20637.412,0,ON_GOING,"72.9914673283913,33.64333419508494",Islamabad,2023-04-02T20:34:46.411Z,"[[72.990015,33.643216],[72.988209,33.642607],[72.985652,33.642109],[72.985081,33.643605],[72.98544,33.64521],[72.981239,33.646086],[72.980116,33.645822],[72.9797,33.645518],[72.978435,33.647387],[72.977327,33.647554],[72.966818,33.642057],[72.964499,33.641654],[72.964124,33.641185],[72.964757,33.641176],[72.964606,33.643156],[72.966802,33.642369],[72.984726,33.651765],[73.0042,33.661953],[73.022442,33.671565],[73.065967,33.694302],[73.066609,33.695573],[73.065294,33.696061],[73.064774,33.694474],[73.087332,33.664484],[73.088276,33.663934],[73.088934,33.664576],[73.087838,33.66507],[73.085526,33.662755],[73.083743,33.658759],[73.08306,33.657282],[73.083656,33.658996]]"